_id,name,category
210,HL Road Frame,Road Frames
211,HL Road Frame,Road Frames
212,Sport-100,Helmets
213,Sport-100,Helmets
214,Sport-100,Helmets
215,Sport-100,Helmets
216,Sport-100,Helmets
217,Sport-100,Helmets
218,Mountain Bike Socks,Socks
219,Mountain Bike Socks,Socks
220,Sport-100,Helmets
221,Sport-100,Helmets
222,Sport-100,Helmets
223,Cycling Cap,Caps
224,Cycling Cap,Caps
225,Cycling Cap,Caps
226,Long-Sleeve Logo Jersey,Jerseys
227,Long-Sleeve Logo Jersey,Jerseys
228,Long-Sleeve Logo Jersey,Jerseys
229,Long-Sleeve Logo Jersey,Jerseys
230,Long-Sleeve Logo Jersey,Jerseys
231,Long-Sleeve Logo Jersey,Jerseys
232,Long-Sleeve Logo Jersey,Jerseys
233,Long-Sleeve Logo Jersey,Jerseys
234,Long-Sleeve Logo Jersey,Jerseys
235,Long-Sleeve Logo Jersey,Jerseys
236,Long-Sleeve Logo Jersey,Jerseys
237,Long-Sleeve Logo Jersey,Jerseys
238,HL Road Frame,Road Frames
239,HL Road Frame,Road Frames
240,HL Road Frame,Road Frames
241,HL Road Frame,Road Frames
242,HL Road Frame,Road Frames
243,HL Road Frame,Road Frames
244,HL Road Frame,Road Frames
245,HL Road Frame,Road Frames
246,HL Road Frame,Road Frames
247,HL Road Frame,Road Frames
248,HL Road Frame,Road Frames
249,HL Road Frame,Road Frames
250,HL Road Frame,Road Frames
251,HL Road Frame,Road Frames
252,HL Road Frame,Road Frames
253,LL Road Frame,Road Frames
254,LL Road Frame,Road Frames
255,LL Road Frame,Road Frames
256,LL Road Frame,Road Frames
257,LL Road Frame,Road Frames
258,LL Road Frame,Road Frames
259,LL Road Frame,Road Frames
260,LL Road Frame,Road Frames
261,LL Road Frame,Road Frames
262,LL Road Frame,Road Frames
263,LL Road Frame,Road Frames
264,LL Road Frame,Road Frames
265,LL Road Frame,Road Frames
266,LL Road Frame,Road Frames
267,LL Road Frame,Road Frames
268,LL Road Frame,Road Frames
269,LL Road Frame,Road Frames
270,LL Road Frame,Road Frames
271,LL Road Frame,Road Frames
272,LL Road Frame,Road Frames
273,LL Road Frame,Road Frames
274,ML Road Frame,Road Frames
275,ML Road Frame,Road Frames
276,ML Road Frame,Road Frames
277,ML Road Frame,Road Frames
278,ML Road Frame,Road Frames
279,LL Road Frame,Road Frames
280,LL Road Frame,Road Frames
281,LL Road Frame,Road Frames
282,LL Road Frame,Road Frames
283,LL Road Frame,Road Frames
284,LL Road Frame,Road Frames
285,LL Road Frame,Road Frames
286,LL Road Frame,Road Frames
287,LL Road Frame,Road Frames
288,HL Mountain Frame,Mountain Frames
289,HL Mountain Frame,Mountain Frames
290,HL Mountain Frame,Mountain Frames
291,HL Mountain Frame,Mountain Frames
292,HL Mountain Frame,Mountain Frames
293,HL Mountain Frame,Mountain Frames
294,HL Mountain Frame,Mountain Frames
295,HL Mountain Frame,Mountain Frames
296,HL Mountain Frame,Mountain Frames
297,HL Mountain Frame,Mountain Frames
298,HL Mountain Frame,Mountain Frames
299,HL Mountain Frame,Mountain Frames
300,HL Mountain Frame,Mountain Frames
301,HL Mountain Frame,Mountain Frames
302,HL Mountain Frame,Mountain Frames
303,HL Mountain Frame,Mountain Frames
304,HL Mountain Frame,Mountain Frames
305,HL Mountain Frame,Mountain Frames
306,HL Mountain Frame,Mountain Frames
307,HL Mountain Frame,Mountain Frames
308,HL Mountain Frame,Mountain Frames
309,HL Mountain Frame,Mountain Frames
310,Road-150,Road Bikes
311,Road-150,Road Bikes
312,Road-150,Road Bikes
313,Road-150,Road Bikes
314,Road-150,Road Bikes
315,Road-450,Road Bikes
316,Road-450,Road Bikes
317,Road-450,Road Bikes
318,Road-450,Road Bikes
319,Road-450,Road Bikes
320,Road-650,Road Bikes
321,Road-650,Road Bikes
322,Road-650,Road Bikes
323,Road-650,Road Bikes
324,Road-650,Road Bikes
325,Road-650,Road Bikes
326,Road-650,Road Bikes
327,Road-650,Road Bikes
328,Road-650,Road Bikes
329,Road-650,Road Bikes
330,Road-650,Road Bikes
331,Road-650,Road Bikes
332,Road-650,Road Bikes
333,Road-650,Road Bikes
334,Road-650,Road Bikes
335,Road-650,Road Bikes
336,Road-650,Road Bikes
337,Road-650,Road Bikes
338,Road-650,Road Bikes
339,Road-650,Road Bikes
340,Road-650,Road Bikes
341,Road-650,Road Bikes
342,Road-650,Road Bikes
343,Road-650,Road Bikes
344,Mountain-100,Mountain Bikes
345,Mountain-100,Mountain Bikes
346,Mountain-100,Mountain Bikes
347,Mountain-100,Mountain Bikes
348,Mountain-100,Mountain Bikes
349,Mountain-100,Mountain Bikes
350,Mountain-100,Mountain Bikes
351,Mountain-100,Mountain Bikes
352,Mountain-200,Mountain Bikes
353,Mountain-200,Mountain Bikes
354,Mountain-200,Mountain Bikes
355,Mountain-200,Mountain Bikes
356,Mountain-200,Mountain Bikes
357,Mountain-200,Mountain Bikes
358,Mountain-200,Mountain Bikes
359,Mountain-200,Mountain Bikes
360,Mountain-200,Mountain Bikes
361,Mountain-200,Mountain Bikes
362,Mountain-200,Mountain Bikes
363,Mountain-200,Mountain Bikes
364,Mountain-300,Mountain Bikes
365,Mountain-300,Mountain Bikes
366,Mountain-300,Mountain Bikes
367,Mountain-300,Mountain Bikes
368,Road-250,Road Bikes
369,Road-250,Road Bikes
370,Road-250,Road Bikes
371,Road-250,Road Bikes
372,Road-250,Road Bikes
373,Road-250,Road Bikes
374,Road-250,Road Bikes
375,Road-250,Road Bikes
376,Road-250,Road Bikes
377,Road-250,Road Bikes
378,Road-250,Road Bikes
379,Road-250,Road Bikes
380,Road-250,Road Bikes
381,Road-550-W,Road Bikes
382,Road-550-W,Road Bikes
383,Road-550-W,Road Bikes
384,Road-550-W,Road Bikes
385,Road-550-W,Road Bikes
386,Road-550-W,Road Bikes
387,Road-550-W,Road Bikes
388,Road-550-W,Road Bikes
389,Road-550-W,Road Bikes
390,Road-550-W,Road Bikes
391,LL Fork,Forks
392,ML Fork,Forks
393,HL Fork,Forks
394,LL Headset,Headsets
395,ML Headset,Headsets
396,HL Headset,Headsets
397,LL Mountain Handlebars,Handlebars
398,LL Mountain Handlebars,Handlebars
399,ML Mountain Handlebars,Handlebars
400,ML Mountain Handlebars,Handlebars
401,HL Mountain Handlebars,Handlebars
402,HL Mountain Handlebars,Handlebars
403,LL Road Handlebars,Handlebars
404,LL Road Handlebars,Handlebars
405,ML Road Handlebars,Handlebars
406,ML Road Handlebars,Handlebars
407,HL Road Handlebars,Handlebars
408,HL Road Handlebars,Handlebars
409,ML Mountain Frame-W,Mountain Frames
410,LL Mountain Front Wheel,Wheels
411,ML Mountain Front Wheel,Wheels
412,HL Mountain Front Wheel,Wheels
413,LL Road Front Wheel,Wheels
414,ML Road Front Wheel,Wheels
415,HL Road Front Wheel,Wheels
416,Touring Front Wheel,Wheels
417,ML Road Frame-W,Road Frames
418,ML Road Frame-W,Road Frames
419,LL Mountain Rear Wheel,Wheels
420,ML Mountain Rear Wheel,Wheels
421,HL Mountain Rear Wheel,Wheels
422,LL Road Rear Wheel,Wheels
423,ML Road Rear Wheel,Wheels
424,HL Road Rear Wheel,Wheels
425,Touring Rear Wheel,Wheels
426,ML Mountain Frame,Mountain Frames
427,ML Mountain Frame,Mountain Frames
428,ML Mountain Frame,Mountain Frames
429,ML Road Frame-W,Road Frames
430,ML Road Frame-W,Road Frames
431,ML Road Frame-W,Road Frames
432,ML Road Frame-W,Road Frames
433,ML Road Frame-W,Road Frames
434,ML Road Frame-W,Road Frames
435,ML Road Frame-W,Road Frames
436,ML Road Frame-W,Road Frames
437,HL Road Frame,Road Frames
438,HL Road Frame,Road Frames
439,HL Road Frame,Road Frames
440,HL Road Frame,Road Frames
441,HL Road Frame,Road Frames
442,HL Road Frame,Road Frames
443,HL Road Frame,Road Frames
444,HL Road Frame,Road Frames
445,Men's Sports Shorts,Shorts
446,Touring-Panniers,Panniers
447,Cable Lock,Locks
448,Minipump,Pumps
449,Mountain Pump,Pumps
450,Taillight,Lights
451,Headlights - Dual-Beam,Lights
452,Headlights - Weatherproof,Lights
453,Men's Sports Shorts,Shorts
454,Men's Sports Shorts,Shorts
455,Men's Sports Shorts,Shorts
456,Women's Tights,Tights
457,Women's Tights,Tights
458,Women's Tights,Tights
459,Men's Bib-Shorts,Bib-Shorts
460,Men's Bib-Shorts,Bib-Shorts
461,Men's Bib-Shorts,Bib-Shorts
462,Half-Finger Gloves,Gloves
463,Half-Finger Gloves,Gloves
464,Half-Finger Gloves,Gloves
465,Half-Finger Gloves,Gloves
466,Half-Finger Gloves,Gloves
467,Half-Finger Gloves,Gloves
468,Full-Finger Gloves,Gloves
469,Full-Finger Gloves,Gloves
470,Full-Finger Gloves,Gloves
471,Classic Vest,Vests
472,Classic Vest,Vests
473,Classic Vest,Vests
474,Women's Mountain Shorts,Shorts
475,Women's Mountain Shorts,Shorts
476,Women's Mountain Shorts,Shorts
477,Water Bottle,Bottles and Cages
478,Mountain Bottle Cage,Bottles and Cages
479,Road Bottle Cage,Bottles and Cages
480,Patch kit,Tires and Tubes
481,Racing Socks,Socks
482,Racing Socks,Socks
483,Hitch Rack - 4-Bike,Bike Racks
484,Bike Wash,Cleaners
485,Fender Set - Mountain,Fenders
486,All-Purpose Bike Stand,Bike Stands
487,Hydration Pack,Hydration Packs
488,Short-Sleeve Classic Jersey,Jerseys
489,Short-Sleeve Classic Jersey,Jerseys
490,Short-Sleeve Classic Jersey,Jerseys
491,Short-Sleeve Classic Jersey,Jerseys
492,HL Touring Frame,Touring Frames
493,LL Touring Frame,Touring Frames
494,HL Touring Frame,Touring Frames
495,HL Touring Frame,Touring Frames
496,HL Touring Frame,Touring Frames
497,HL Touring Frame,Touring Frames
498,HL Touring Frame,Touring Frames
499,HL Touring Frame,Touring Frames
500,HL Touring Frame,Touring Frames
501,Rear Derailleur,Derailleurs
502,LL Touring Frame,Touring Frames
503,LL Touring Frame,Touring Frames
504,LL Touring Frame,Touring Frames
505,LL Touring Frame,Touring Frames
506,LL Touring Frame,Touring Frames
507,LL Touring Frame,Touring Frames
508,LL Touring Frame,Touring Frames
509,LL Touring Frame,Touring Frames
510,LL Touring Frame,Touring Frames
511,ML Mountain Frame-W,Mountain Frames
512,ML Mountain Frame-W,Mountain Frames
513,ML Mountain Frame-W,Mountain Frames
514,Rear Brakes,Brakes
515,LL Mountain Seat/Saddle 2,Saddles
516,ML Mountain Seat/Saddle 2,Saddles
517,HL Mountain Seat/Saddle 2,Saddles
518,LL Road Seat/Saddle 1,Saddles
519,ML Road Seat/Saddle 2,Saddles
520,HL Road Seat/Saddle 2,Saddles
521,LL Touring Seat/Saddle,Saddles
522,ML Touring Seat/Saddle,Saddles
523,HL Touring Seat/Saddle,Saddles
524,LL Mountain Frame,Mountain Frames
525,LL Mountain Frame,Mountain Frames
526,LL Mountain Frame,Mountain Frames
527,LL Mountain Frame,Mountain Frames
528,Mountain Tire Tube,Tires and Tubes
529,Road Tire Tube,Tires and Tubes
530,Touring Tire Tube,Tires and Tubes
531,LL Mountain Frame,Mountain Frames
532,LL Mountain Frame,Mountain Frames
533,LL Mountain Frame,Mountain Frames
534,LL Mountain Frame,Mountain Frames
535,LL Mountain Tire,Tires and Tubes
536,ML Mountain Tire,Tires and Tubes
537,HL Mountain Tire,Tires and Tubes
538,LL Road Tire,Tires and Tubes
539,ML Road Tire,Tires and Tubes
540,HL Road Tire,Tires and Tubes
541,Touring Tire,Tires and Tubes
542,LL Mountain Pedal,Pedals
543,ML Mountain Pedal,Pedals
544,HL Mountain Pedal,Pedals
545,LL Road Pedal,Pedals
546,ML Road Pedal,Pedals
547,HL Road Pedal,Pedals
548,Touring Pedal,Pedals
549,ML Mountain Frame-W,Mountain Frames
550,LL Mountain Frame,Mountain Frames
551,LL Mountain Frame,Mountain Frames
552,Front Derailleur,Derailleurs
553,LL Touring Handlebars,Handlebars
554,HL Touring Handlebars,Handlebars
555,Front Brakes,Brakes
556,LL Crankset,Cranksets
557,ML Crankset,Cranksets
558,HL Crankset,Cranksets
559,Chain,Chains
560,Touring-2000,Touring Bikes
561,Touring-1000,Touring Bikes
562,Touring-1000,Touring Bikes
563,Touring-1000,Touring Bikes
564,Touring-1000,Touring Bikes
565,Touring-3000,Touring Bikes
566,Touring-3000,Touring Bikes
567,Touring-3000,Touring Bikes
568,Touring-3000,Touring Bikes
569,Touring-3000,Touring Bikes
570,Touring-3000,Touring Bikes
571,Touring-3000,Touring Bikes
572,Touring-3000,Touring Bikes
573,Touring-1000,Touring Bikes
574,Touring-1000,Touring Bikes
575,Touring-1000,Touring Bikes
576,Touring-1000,Touring Bikes
577,Touring-2000,Touring Bikes
578,Touring-2000,Touring Bikes
579,Touring-2000,Touring Bikes
580,Road-350-W,Road Bikes
581,Road-350-W,Road Bikes
582,Road-350-W,Road Bikes
583,Road-350-W,Road Bikes
584,Road-750,Road Bikes
585,Touring-3000,Touring Bikes
586,Touring-3000,Touring Bikes
587,Mountain-400-W,Mountain Bikes
588,Mountain-400-W,Mountain Bikes
589,Mountain-400-W,Mountain Bikes
590,Mountain-400-W,Mountain Bikes
591,Mountain-500,Mountain Bikes
592,Mountain-500,Mountain Bikes
593,Mountain-500,Mountain Bikes
594,Mountain-500,Mountain Bikes
595,Mountain-500,Mountain Bikes
596,Mountain-500,Mountain Bikes
597,Mountain-500,Mountain Bikes
598,Mountain-500,Mountain Bikes
599,Mountain-500,Mountain Bikes
600,Mountain-500,Mountain Bikes
601,LL Bottom Bracket,Bottom Brackets
602,ML Bottom Bracket,Bottom Brackets
603,HL Bottom Bracket,Bottom Brackets
604,Road-750,Road Bikes
605,Road-750,Road Bikes
606,Road-750,Road Bikes
